Id,name,surname,username,email,password,userType
1,m,teffo,NULL,mmt@gmail.com,$2a$10$AGcGKI60VWf3vjxB8iezNOrOQrN6kZe/0n2iWNucpvv7L.diT7Q5u,S
2,m,teffo,NULL,mmt@gmail.com,$2a$10$Xjc3JT7P6xf46wSnSxm23O4JCEnqNy0QGFj3HLWFNH01xFAG1QqXi,S
3,m,teffo,NULL,mmt@gmail.com,$2a$10$wKYGh7LLFwdDLnjNgXnvDezG7r7iM8sNN0EwDhSClKkjyGwxcHI/a,S
4,marv,marvtee,NULL,mt@redhats.com,$2a$10$LxnHSh4H62/rLAln8n4D/Oko/nl5vIvGXN0JnsH9qvnE926EWmPfu,S
5,marvin,teffo,NULL,teffom@email.com,$2a$10$OcTjVcVA5ZzAeN2eqAv8u.l/rIGmmMbhQvmaNU5y.i/BUxfWSR48.,M
6,M,T,NULL,M@redhats.com,$2a$10$c4Qsq/MIJK/WGUMgLz2ZYup.NlbeBFE/x8PpESDT23PpW.BV0e9ue,S
7,m,t,NULL,t@redhat.com,$2a$10$1vUvT3z/KYY8IHXOiuZ5Ceks2vZq.NCklObSJ8flQ6SStw87mmKbi,T
8,p,PK,NULL,PK@redhat.com,$2a$10$2V9e4PCAdRoFzKSs7ns8te4r96JW3nKGEG8rH3siyOVq2o4Xec6w2,M
9,me,me,NULL,me@redhat.com,$2a$10$Yww9TXzWDIQCRqC62muTaeg0Ep8bno0p4t0JFtPe6Rt10IJRQZevS,S
10,hgfghfds,gfd,NULL,Tutor@gmail.com,$2a$10$p8NaCGr538qpnb43s7TfzO6cUOm/DClvvE3Rs0z7s55zssLpbwYnq,S
11,hgfghfds,gfd,NULL,Tut@gmail.com,$2a$10$3DUY/d2UoodWTL.TKc5Yfet51YDqxugxhQXgoCjjlgRb49Qpz512e,S
12,hgfghfds,gfd,NULL,Tu@gmail.com,$2a$10$Y8TnQ73okc7GM18ePN.m/Os473FdFasDaRvEdyVjZyOIs92tqyvhi,T
13,m,mm,NULL,tutor@,$2a$10$OTc2QUfVhgOACHyckZ.90eVRv7SAihDGhjDUbUYBODQywjAdlWfrW,S
14,jhgf,hgf,NULL,t@,$2a$10$5VBh1wHpG4WeHiKXFLVyq.gqlVrfqauqGMobzgN/XiCD5Ywpn0gOy,S
15,Tut,tut,tut@,tut@,$2a$10$e9AkAQW8QrYHZDh0HQ02mevcVpX.L6JUqUEVLvJOGmn.aMoFcQ88q,T
16,m,m,M@,M@,$2a$10$1CGNpBHRBpsY2Ek3C.BY2OlhWfvKCeP3nUni9D0ER45bYtDbOSPsq,S
17,Be,ATutor,Be@apply,Be@apply,$2a$10$4EM2An3YIbALxnzJwmZRU.u4d1lxecUAeIjnycleOyOVo4TnQtwiy,W
18,Mtho,Tee,Mtho@,Mtho@,$2a$10$O9peHStQ.KQu13l.hRK9UOGvtFpvjI9pjh.RtgTKiGXAVQ2HaOa6K,W
